application_id,lp_id,subid,country_code,conversion_IP,adv_payout_usd
23924,1499915,00a1de7d-fb59-4efd-8b58-208a8036bcdb,DE,37.201.199.0,20.86
23924,1499915,00a7dbc2-2531-46c5-8366-008adcb5f272,US,142.255.65.63,32.23
3173,1546145,01220730-5686-45d7-9037-508a3bea3571,US,137.119.100.25,20.86
3173,1541841,015b1769-7ac3-43c0-ba87-b08afbc3db6d,US,50.254.13.50,20.99
3173,1544293,019a5166-066b-485e-8ee2-708afe6e2295,US,209.152.125.194,59.08
3173,1530067,01b5bdc3-9250-4d7e-b869-708a16e27af5,US,47.200.33.122,59.08
40647,1499915,01f0695c-1ad9-42a5-976f-308aa55d9c26,GR,78.29.164.0,59.08
3173,1541841,02c3cbb7-11ee-4f65-abd8-208af005fdbe,US,162.255.120.91,86.05
3173,1530067,032cf1c7-b816-40a9-a150-008af69836e9,US,74.141.115.248,60.88
23924,1499915,038c1dda-7a10-4e87-a132-408a595a340f,GR,109.52.141.0,59.08
3173,1530067,04e61ad3-ec22-4a9f-913f-508a9a149a0c,US,71.66.163.94,59.08
3173,1544907,0590d282-3014-4187-ac35-b08a34f1e57e,US,96.3.21.62,80.73
3173,1499915,0620256e-713a-4d93-966d-d08a4803755a,US,66.129.197.65,20.86
3173,1546145,07251ce3-acf5-4d7c-8537-808a7e2bffe3,US,184.159.130.204,59.08
3173,1541763,072be42a-cea4-4c0d-b2a7-608a6d82899e,US,68.107.170.215,59.08
3173,1544907,0739c654-af51-4400-a4b1-808a2eb85f7a,US,184.94.166.35,69.88
3173,1499915,07b5b982-18f3-4eea-8ebd-608a5ae92223,GR,31.152.145.0,69.88
23924,1499915,084fc2ac-5acc-41c6-aac7-708a2933b830,DE,80.89.77.0,59.08
3173,1530067,08e347e8-c953-4c91-bd3d-b08a8bdb69eb,US,96.3.21.62,32.84
3173,1539647,08e777ca-6b9c-4e56-beea-308a843a1af8,US,162.255.121.91,20.86
23924,1499915,0956f777-dac0-4e6b-ba0e-808a43101cbd,US,162.255.120.91,69.88
3173,1546145,0a538bd0-2a03-45c6-9a66-508ad65c5f29,US,69.75.152.178,20.86
3173,1544907,0aa0998b-2d53-4ee5-b2e6-408a29c4e3e6,US,104.171.39.34,34.08
3173,1541763,0b3ae800-2ba7-463c-ac93-a08a86e0ab43,US,172.87.3.226,60.88
3173,1544293,0ca87a6e-7346-4502-9fa9-308a8d5b2aa0,US,24.101.89.8,86.05
3173,1530067,0e2ff71e-c5ad-4eaa-9eda-108a50a9217c,AT,96.40.160.94,32.84
3173,1539647,0fcada86-7ba3-449b-92b5-b08a7a6eab9a,US,96.3.21.62,69.88
3173,1541763,107efa2a-8321-4710-89b4-808acf416ed8,US,184.94.166.35,54.8
3173,1546145,10fbfe33-b3ed-4105-9880-208a527e7be2,US,70.171.7.249,54.8
23924,1499915,1244dffe-81c4-4b6d-89d8-708aae1e9fb7,DE,95.90.219.0,60.88
3173,1544907,125f4deb-8631-4574-993f-c08a0c5ee744,US,142.255.65.63,32.23
3173,1541841,13a9e006-1e29-4ad8-abbb-908a0c483d3b,US,206.130.95.245,59.08
3173,1499915,14b26998-92d6-40fb-9379-308a6928eec1,US,68.169.248.136,80.73
3173,1539647,15d5268d-2d0b-4c7a-9ecd-b08aa85a1272,US,199.188.59.208,80.73
123339,1499915,15f5e011-9a5c-4a44-88ec-408a24e112fc,DE,79.230.125.139,20.86
3173,1544293,15fc6b87-62bd-4992-9e85-108a5025ff90,US,74.93.254.145,34.08
3173,1539647,169b9e23-3634-4c79-b154-908a10051ca7,US,170.249.140.70,20.99
3173,1499915,17f624e7-78af-4475-9f5f-d08a29ae7865,US,65.74.6.101,32.84
3173,1544301,186ad623-33b3-4deb-985c-508a8ad18e74,US,50.196.207.49,20.99
3173,1530067,187a54db-61be-456e-bcd2-d08af43fe83e,US,207.243.91.74,59.08
3173,1539647,18b98c26-84b2-4b87-98a6-008a8bc74cf7,US,70.171.3.81,54.8
23924,1499915,18bec343-75fb-4899-9a88-508a29b4d751,ES,88.126.190.0,54.8
3173,1541763,18cdb5b7-04ce-4060-b066-908a0181f6eb,US,159.242.40.113,20.86
3173,1506623,1946759e-93c8-438d-a51a-708ae1c9d0b5,US,209.152.125.194,59.08
3173,1544301,19d3c7c4-78a7-4e6b-a48c-208a21dee07d,US,162.255.120.84,20.86
39217,1499915,19f29b54-468e-4b0a-8dbd-108ad97d713d,ES,148.71.227.20,59.08
3173,1544907,1a11e9d7-16fe-4776-ac0b-d08a44642bd3,US,72.196.93.194,59.08
3173,1544907,1b6e815a-762b-4681-ba1c-508a69a54156,US,184.94.174.129,60.88
23924,1499915,1cd34ccb-07d4-4265-9567-d08a651b0390,AT,178.115.68.0,80.73
3173,1544293,1de6ab6c-569b-4e8d-a17e-d08afb01bdee,US,67.171.210.1,59.08
3173,1499915,1e83b7f2-7409-435c-ba33-c08a477a67ad,DE,37.4.230.0,20.86
3173,1499915,1fbf5799-dee4-4bd7-b8da-c08afa986010,ES,176.200.139.98,60.88
3173,1546145,202302a9-9991-4600-9ba5-008a427b1ade,US,23.24.76.237,32.23
3173,1499915,20f3b172-80a0-4905-9e98-408adaf18785,US,192.208.31.203,54.8
3173,1541763,2196aa6f-4927-4a6a-b42f-508a9f6b0521,US,47.35.70.220,20.86
3173,1539647,21a9aec9-f379-41fd-babd-808a2925961b,US,67.61.171.62,54.8
3173,1544293,229afb20-cbe2-4f94-9140-708ac5dcad5d,US,64.233.138.27,54.8
3173,1539647,2317f29e-55e8-437d-849b-308a29b27e0d,US,68.229.137.96,59.08
3173,1541841,2318fba1-3f52-43cf-b66b-d08a5f89172f,US,97.70.173.148,59.08
23924,1499915,23278867-a2f1-48e1-8338-808a85f1478f,US,68.169.240.234,59.08
23924,1499915,249d484b-b011-437e-b6b7-708aea309b10,ES,176.102.79.0,60.88
3173,1539647,265197b4-b0d2-49db-ab15-108ae8e56a17,US,96.40.160.94,60.88
3173,1544907,2660e61f-7c34-40df-95b9-808a5a9099a9,US,184.159.130.204,59.08
23924,1499915,26c61c2b-4aff-422b-b146-a08ac213ed96,ES,5.168.13.0,34.08
123554,1499915,26ea9552-3915-436a-b27e-908ab7b2e0e6,AT,62.240.134.185,60.88
3173,1544301,278198b9-21a2-4a4e-aa0f-908a258aca3d,US,104.183.137.49,34.08
3173,1544301,2c03dfe8-e34a-4095-9703-c08acfd9f7d5,US,66.223.191.201,54.8
3173,1541763,2cb36dbf-c8e4-4957-908b-408ae67019a8,US,24.180.103.19,20.99
3173,1530067,2cbd2fb0-84b4-4e69-8be3-908a6f4b63e6,US,170.249.26.176,20.86
3173,1539647,2e9db881-3cfa-4526-abc3-208a42731f17,US,206.174.31.57,59.08
3173,1499915,2f11ab75-2354-49a8-aa15-a08a2f474e84,US,206.174.34.61,59.08
3173,1539647,2f85a301-bd81-4d76-b8f8-308a3ca2e8e9,US,162.255.121.103,59.08
3173,1530067,303223b1-ce05-4cf9-92a6-108ae0af5eec,US,74.93.254.145,59.08
3173,1506623,312274fd-d4eb-40fe-927c-508a577dfe03,US,71.66.163.94,59.08
3173,1539647,316aa866-5a07-4465-87fe-c08a08327bdc,US,162.255.120.84,20.99
23924,1499915,320d5d9f-da05-4f73-9ac8-608aff065855,US,174.64.2.131,54.8
3173,1499915,324ae74d-84ba-4b06-9649-508a9146ad5d,AT,86.125.92.0,59.08
3173,1546145,335cd2c5-af24-460a-93d8-108a7bc9e5d7,US,96.78.243.77,69.88
23924,1499915,342cbc23-774d-4415-9171-708a77aa6bf2,ES,213.4.174.0,34.08
23924,1499915,34475fa1-6e22-42f4-b6ec-708aa45a1e95,DE,46.114.166.0,54.8
123661,1499915,3448c02e-959b-4bc2-a604-508a2bf1d274,DE,178.24.228.0,59.08
123923,1499915,34bd2fe1-2709-4b80-82be-108af70a602a,ES,90.130.113.61,20.99
3173,1544301,3559f7b6-af99-4449-9ba7-708ac635c5cd,US,209.152.125.194,20.86
3173,1506623,35fffbe6-361c-46ef-b4de-608af41faa80,US,174.81.49.250,32.23
23924,1499915,369da1d1-f985-4ade-9ae4-108a43176c7d,DE,80.145.82.0,86.05
3173,1506623,370b321e-71db-4c79-9a07-208a2eb6ed07,US,70.37.197.19,60.88
3173,1506623,3846f362-e77d-44bb-aa45-b08a4f6178ff,US,199.188.59.208,86.05
3173,1546145,3862d007-d87b-4d0a-98ef-b08a166f43ca,US,199.15.128.102,59.08
3173,1546145,389fc844-e5a0-4653-9395-c08a38352aa7,US,65.126.160.226,60.88
3173,1546145,39074a16-bc74-4e02-a17c-b08a2568b588,US,174.64.2.131,59.08
3173,1544293,39395348-002e-4be9-9ceb-908ae3af4890,US,162.230.149.89,59.08
16625,1499915,39a41b8c-63a0-411b-9974-608a80412f9c,DE,87.163.27.0,54.8
3173,1544293,3a935519-bd6a-48da-b057-908ad322997a,US,96.40.161.138,54.8
121277,1539647,3ac59a86-d4e7-45a6-8279-c08a9d6bba24,US,107.77.253.6,59.08
3173,1546145,3b30d841-5262-48ba-85e0-208a415aa4b9,US,184.94.167.37,86.05
3173,1544293,3bb8d6e5-dce1-45bc-ae79-408adbb55cf5,US,64.58.197.92,59.08
3173,1499915,3c2e04d5-5fd4-4eac-9762-c08a0c9cce88,DE,84.180.251.0,59.08
3173,1544907,3da61d33-a1eb-4e7b-bdc0-208a0907d4a0,US,68.229.34.176,69.88
3173,1541763,3ef6e3e7-c61f-4ebb-8b89-708ac1ecde44,US,72.204.217.198,60.88
23924,1499915,3f2330ed-80f8-4ee5-8a56-908ace30ca7e,ES,213.181.73.0,32.23
3173,1499915,3f678bbe-e6be-488a-9d06-208a1ff0bc37,US,24.180.103.19,32.84
123548,1499915,3fa86006-0d65-4995-a918-608a849a84c8,GR,41.246.142.8,20.99
3173,1541841,403e7411-3bbb-4b19-92e0-e08ae3d5e65c,US,72.24.140.149,59.08
3173,1541841,4388e384-6a78-400e-a93f-608ae478f75a,US,96.68.0.57,59.08
3173,1544301,43e938f2-7165-43e4-97ac-908a7d051cdb,US,204.10.239.206,59.08
3173,1539647,4465ac46-b99b-493e-8b41-d08a399e8c19,US,207.243.91.74,32.23
3173,1539647,45b041ab-7824-443e-8a94-e08a3622b444,US,174.71.100.187,20.99
3173,1539647,45e27f9a-7306-4751-9880-908a76adeb6a,US,199.230.126.183,80.73
3173,1539647,46071cb3-029f-43da-a60e-d08acd3c90b2,US,66.129.197.65,32.84
23924,1499915,4770a832-44f7-469b-9245-508a6ddea044,AT,84.115.234.0,69.88
3173,1539647,478a3738-eab0-4806-86fb-708a766225c9,US,47.13.132.169,69.88
3173,1544907,47c849dd-70ed-4aca-9b5d-c08a942a6c2c,US,47.197.141.112,20.86
3173,1541841,48007c34-546d-4fae-88e0-b08a78b0ad1d,US,70.169.87.196,69.88
3173,1544293,495c560a-f060-424b-a2c4-b08a32d61b7f,US,50.254.13.50,59.08
23924,1499915,4a2d0295-a2c9-4b58-9cc2-e08aecf77b3a,GR,84.227.8.229,59.08
3173,1530067,4b00a48f-05b0-4683-9178-108a00c95f37,US,67.79.161.2,32.84
3173,1539647,4b7c118a-305b-42dd-a762-108a19d44ec2,US,47.13.132.169,32.23
3173,1539647,4bee7e27-2851-4984-b0d5-108a52bac504,US,173.80.150.205,20.86
3173,1530067,4bf5987d-f10d-40fe-9ec0-208a996e4d40,US,184.191.233.95,60.88
3173,1499915,4cc8e140-9e20-4675-9b0f-d08a0fa775f9,US,72.196.93.194,54.8
3173,1544907,4e5f30e6-bf0c-4319-a7b0-b08a071dd16c,US,70.169.87.196,69.88
3173,1541763,4e753213-867f-4549-bd86-108aaf7d40e1,US,108.58.164.118,60.88
23924,1499915,4f8a46d7-16db-4d63-8c7a-708aef854f80,GR,77.219.4.0,32.23
3173,1544301,4fce9ab4-d7c3-49ab-b56d-908a06fb4249,US,23.112.118.44,69.88
3173,1539647,4fe67eb1-d801-4a67-b8ad-d08a26f9bffe,US,71.84.237.54,86.05
3173,1544293,52fcaf20-8495-4f0a-8608-208af72c0757,US,64.130.113.116,20.86
3173,1530067,5309ed6a-3f09-4e0f-a006-708a7b24b9bf,US,209.152.125.194,54.8
3173,1499915,5316e073-3c0e-45d1-a9ff-e08a0be5c07e,US,204.9.183.68,32.23
3173,1539647,53a20acd-ca9c-4624-afcd-208a90e8930e,US,50.196.207.49,59.08
3173,1541841,54681e15-0b80-443f-86af-b08a3808d83f,US,38.87.108.153,60.88
3173,1539647,546886d4-7bfa-45ce-bad2-b08ae3e142a9,US,162.255.120.115,69.88
3173,1499915,55b441aa-3bf7-46a1-95f9-808acf96d459,GR,85.74.2.0,59.08
23924,1499915,55d84d0d-3544-4c41-8fb3-308ac963daa0,DE,87.143.71.0,20.86
23924,1499915,563217a9-cda7-4b76-9b38-708a7f6d7b93,ES,37.161.150.0,80.73
3173,1541763,56ae7782-ecfa-45d2-8c34-b08ac054e6fb,US,184.94.166.29,69.88
3173,1541763,57353d0d-96a8-4e1b-a35f-208aa5840665,US,67.78.156.22,20.86
3173,1499915,5758af98-440e-4353-9710-c08a482644c5,ES,79.115.58.0,59.08
23924,1499915,57bc6cbe-ce22-489a-ab89-e08aa57a48f5,AT,151.43.179.0,32.23
23924,1499915,58285ae1-cd20-4b45-8fe7-908abddfe9a7,US,23.84.113.239,60.88
3173,1541763,588c78ed-9116-43dd-a0f2-608a24e54615,US,47.206.36.76,60.88
23924,1499915,59029b81-3482-40f8-9832-e08a0b5daad3,AT,93.45.64.0,20.86
3173,1499915,59c0b2bf-c0b2-4262-aaf6-b08a6cdbc0f8,GR,37.6.5.0,20.99
3173,1499915,59ebe653-979d-4a82-8c45-c08a72149b23,GR,94.66.57.0,32.84
3173,1530067,5a5405af-4910-4647-b1f3-408ae8d24b06,US,192.208.31.203,60.88
3173,1499915,5ac7a9b9-ee30-4eed-a4f9-808a82e5f44d,US,98.102.128.98,59.08
3173,1530067,5b14e2f4-410e-462e-a45c-808a28293d35,US,184.159.130.204,86.05
3173,1499915,5bbc0e46-0020-4f87-828b-508aed0086af,AT,86.124.116.0,54.8
3173,1499915,5c222730-9954-4208-a67d-408a9757f667,DE,87.179.229.0,86.05
3173,1544907,5c4078e0-af98-4712-bf07-b08aa757acf7,US,174.64.2.131,86.05
3173,1541841,5c55693a-05d1-4d8e-83c5-108a52791102,US,68.70.213.143,34.08
3173,1499915,5cda1de1-5294-4e35-b9e9-608af2e17607,US,74.219.224.142,59.08
3173,1541763,5d13e371-8691-42df-8709-208a1490c7a9,US,50.196.207.49,32.23
3173,1499915,5e9b4654-9799-4c58-a04d-708ae8628c93,US,209.152.125.194,69.88
3173,1499915,5eb5b9e2-7669-4303-a217-608a0456b6cc,US,73.139.248.181,59.08
3173,1544293,5fbcf243-59d8-4dd4-9bcc-c08a876601dc,US,142.255.65.63,20.86
3173,1530067,5fcccda2-602c-4060-934e-d08a67c8a8fc,US,216.20.158.38,86.05
3173,1506623,601a5433-4606-4f8b-8b74-308acd516fcd,US,68.169.248.136,20.99
3173,1544293,60f5f987-65e9-49bd-88bf-c08a496bec8b,US,47.32.126.200,60.88
3173,1539647,614a5c09-5632-42be-b163-208a44109110,US,70.163.221.129,59.08
3173,1546145,622c2a81-f098-42b6-977b-208a357bbd08,US,64.130.113.116,54.8
3173,1499915,6236959c-e04a-49c2-a142-508a450ce029,US,199.1.129.70,20.86
23924,1499915,62c2704b-7bf3-43c8-8d5a-b08ad64b6260,AT,86.219.73.0,20.86
3173,1544907,63042a60-e32f-4358-9260-908a61345415,US,206.130.95.245,59.08
3173,1544907,63543a6b-d247-4bec-96b8-708a80fe73f6,US,64.233.138.27,69.88
3173,1530067,644ad123-2ffc-4b22-86ea-b08a6315d4ee,US,71.45.23.28,59.08
23924,1499915,64e8be13-1933-4bbe-905f-208aaca0905d,AT,176.157.235.0,60.88
124009,1499915,6514e55c-d891-4155-ba5d-b08ada6043fd,AT,138.118.42.237,60.88
3173,1544301,6637e9d5-89ea-453d-af0c-708a607b60ef,US,76.8.2.118,60.88
3173,1544907,674d8c5d-db6a-45fa-87a5-d08a074068a7,US,73.242.42.221,86.05
3173,1544293,6a3c6cb5-00c1-451f-b250-b08a81251324,US,23.31.6.89,54.8
3173,1544301,6c261189-168d-4ce7-8b32-008a326332d4,US,74.140.27.164,20.86
3173,1544907,6c588994-5376-4274-ad14-408a90fcb64a,US,24.180.103.19,60.88
3173,1499915,6c86aef0-ce21-4489-adaf-b08a6810bfde,US,38.87.108.173,20.99
3173,1499915,6d9ddb32-e919-4289-9f6f-808a158eb3cc,AT,46.97.168.0,59.08
3173,1541841,6ece0462-4141-4642-b5ac-e08afa1192c4,US,38.87.105.251,59.08
3173,1539647,6f66e993-dbee-429f-a556-d08a98c69e0a,US,96.47.92.86,59.08
3173,1544907,700dc194-5e0b-47fb-8c55-608a182e199a,US,47.206.36.76,20.86
3173,1499915,704b701f-4ee8-49e6-aba6-908ae93b6c4a,US,70.183.113.140,20.86
3173,1499915,70b9ecfb-6d4e-4145-a62d-b08a24cddbf7,US,50.254.13.50,32.84
3173,1541841,7112f116-0c61-4579-af00-808a4b6a4c77,US,96.94.66.186,54.8
3173,1541841,714da8e7-b62e-4c40-9537-708a11196992,US,209.152.125.194,34.08
3173,1506623,718d8115-c844-4df5-9b7a-c08a32bbe448,US,66.223.191.201,59.08
23924,1499915,7191ef45-4231-4e72-90b0-708a189d74e7,DE,46.223.150.0,80.73
3173,1544293,72d2dd1c-a0f4-42ec-a196-d08a201dbf78,US,47.32.126.200,32.84
3173,1530067,738a6cb2-e10f-4a5b-bed0-c08a62ed34a0,US,209.152.125.105,59.08
3173,1541841,73eae44c-5e5d-40a6-8acd-708a00d15e44,US,192.250.29.213,59.08
3173,1499915,73f402b3-3c30-4857-8d16-408a3d0e8189,US,209.40.233.186,20.86
23924,1499915,74771dd0-2542-43fa-83b6-308aad76a9a7,AT,85.166.71.182,34.08
23924,1499915,76613a34-b68e-40c3-ad3c-008a59e34106,US,70.169.87.196,69.88
3173,1541841,7680b65e-36fe-4f82-a202-808a849c22ee,US,68.96.153.134,20.86
3173,1541841,77942576-f47b-427f-a6ba-208a2e36e9d7,US,139.180.35.108,86.05
3173,1539647,791caf17-1c74-4244-b348-008ad59fd293,US,23.24.76.237,59.08
23924,1499915,7945116c-4c91-4f0e-a535-008a153ae160,DE,95.90.241.0,59.08
3173,1541841,79bfb57c-3099-4193-9387-d08a0c3db018,US,8.24.178.212,34.08
3173,1544907,79c70773-86c2-4d71-ad31-b08a2a2dac7e,US,71.92.92.64,59.08
3173,1544301,7a64867b-022f-4d28-a8fd-b08a6292f98d,US,199.188.59.208,60.88
3173,1539647,7afdf8f5-c571-4da1-a9ac-a08ac78519b6,US,74.84.95.171,32.84
3173,1539647,7b41bfe5-fbc1-485e-be5c-308ab25589f4,US,50.254.13.50,60.88
23924,1499915,7b8c0de2-2bb0-45b7-bdc3-408ac11c5949,ES,139.47.32.0,20.99
3173,1541841,7bc90085-fe18-46f1-a3fe-108a316748a5,US,50.204.153.222,69.88
3173,1499915,7c18bd7d-339c-45ec-9621-908aaccba113,US,173.26.244.17,59.08
3173,1530067,7c8d7f20-4132-4316-be2f-508a882d4f97,US,199.1.129.70,20.86
3173,1499915,7ca0352f-14a6-48fa-9c45-808aaa8dc50c,US,184.159.130.204,59.08
23924,1499915,7ca9cc5e-fdf2-4725-8204-508a829bf46b,DE,87.123.210.0,59.08
3173,1541841,7d6a452e-7b4f-456f-94b4-208a63671e60,US,38.87.107.37,20.86
110226,1499915,7e103fb1-9d26-44f6-9c9c-208a72c72234,ES,109.166.132.0,60.88
3173,1541841,7e3804d4-972d-4b3c-9be1-608a5f327924,US,66.57.10.6,59.08
3173,1544293,7e8200b5-b36f-4680-849b-708a3095c70b,US,70.183.77.174,59.08
3173,1539647,7ea64718-4845-471e-a94b-208a959c9c81,US,72.24.140.149,80.73
3173,1539647,7edc6449-d5c0-48d6-a4f4-708a9bcfa6bd,US,162.255.120.125,20.99
38647,1499915,808708af-ea0f-4eb4-8f6f-408a9d7a008f,ES,88.214.160.110,20.86
123167,1539647,8087ac89-c39b-4f0b-ae8e-808a00c7a162,US,172.56.88.100,86.05
23924,1499915,80dbed08-d7a8-4111-bd93-308ae7114099,DE,80.187.82.0,20.86
3173,1499915,81161702-af54-42f8-a469-d08ad5fef6fe,DE,79.240.167.0,54.8
3173,1544293,814e4767-3bb5-4e6e-b8ce-d08a06e661c5,US,216.20.158.38,59.08
3173,1544293,81b3b1c2-e86b-41fc-9216-508a70023489,US,66.109.35.156,54.8
3173,1530067,82128543-7ca1-4e6b-899f-908a304816a8,US,96.40.161.138,54.8
3173,1544301,8316012f-675b-406e-80e4-108aa27bd2f4,US,104.171.39.34,59.08
3173,1539647,83d66215-ead1-425f-9a9d-b08af7733d13,US,216.137.131.190,54.8
23924,1499915,83eaa404-cb3b-47fc-8566-d08ac6320443,ES,77.16.65.156,20.99
3173,1539647,844ee2e2-e6c5-4fc3-95e2-208ad5ad724b,US,73.184.54.87,59.08
3173,1541841,84ae61fc-f914-42ce-a67e-008a7a9acd84,US,8.30.189.40,34.08
23924,1499915,84b04b56-1cbd-4d2a-ac84-a08acb86b9c3,RO,82.76.186.0,59.08
3173,1544293,8536c9ea-36e8-42de-aa5f-d08aa1ef08ae,US,72.196.93.194,60.88
23924,1499915,85908478-9a23-4799-99f8-a08a6b485145,US,206.130.94.99,20.86
3173,1541763,8593261f-4ef7-40f6-a4dc-b08a17280c25,US,70.169.87.196,34.08
3173,1499915,85be6fc9-4d77-42ce-bf28-b08aab75bc22,US,38.87.108.153,59.08
23924,1499915,862c1f15-53e5-4fe7-b2d3-308a62702eb8,GR,37.159.47.0,59.08
3173,1499915,86a874b6-32a3-41cf-901d-508a6cc56115,ES,62.113.2.198,60.88
3173,1544301,8701e8c1-8901-49ac-b802-c08a5037f366,US,98.153.34.245,86.05
3173,1541763,874974ee-0bbd-4525-b9eb-408ae9db7655,US,104.171.39.34,32.23
3173,1539647,87c27402-0ac1-4467-9f12-508a06ca49b8,US,74.50.133.248,20.99
123623,1499915,8a4f62e2-d967-41e1-af4e-508a060eaff9,GR,82.76.186.0,59.08
3173,1544907,8a972b59-80ef-4451-904f-108abb0a5026,US,74.221.169.180,20.99
3173,1541763,8af0cbd3-b50d-4f82-b826-508a9770bda5,US,74.50.133.248,59.08
3173,1541841,8bcd9ff3-3867-46fb-a0fc-808a3caac0e2,US,198.38.63.234,20.86
3173,1539647,8c565b98-450b-4fa8-94ec-c08aab04f3ba,US,97.83.62.237,32.23
3173,1544293,8e1f1a7f-4bc1-45de-9ea3-708a5faa04c0,US,96.59.200.10,59.08
3173,1541763,8e84e62a-db51-4a6a-b733-e08a9121c81b,US,207.181.239.194,20.99
3173,1530067,8f49bfe9-cd13-4154-bb25-208aed36235d,US,64.130.113.116,60.88
3173,1544907,8f5136e0-af6b-4d1d-a8d3-908abd8de4aa,US,47.232.61.146,59.08
3173,1506623,8fbc3835-81f1-40ca-bd64-208a4ba8ae65,US,68.229.34.176,20.86
3173,1541841,8fc1b3d8-c5c0-4d67-a938-308abe432aa3,US,68.169.248.136,32.23
3173,1499915,90112956-1689-47c8-8b99-208a2a38c3a7,US,68.229.34.176,59.08
3173,1499915,90a6bb9d-4197-4536-a13b-208a144ee830,GR,86.120.252.0,69.88
23924,1499915,9100852d-fe16-4c83-b105-c08a10d9cc8d,DE,217.235.33.0,86.05
3173,1544293,924f496d-6a8b-4b65-82c5-908a769b19c3,US,173.26.244.17,59.08
36857,1499915,926de190-3ec6-416f-a4e7-208ade4ffbab,DE,95.91.230.0,59.08
3173,1544293,92bd896a-b341-4fbb-8bb8-908a5336d100,US,75.146.204.245,69.88
3173,1499915,933f5ad6-2d5c-4378-99ad-808a0d10d4a0,US,174.64.2.131,20.99
3173,1530067,9395abae-2e36-469c-8b8e-108a26914f27,US,50.27.168.181,32.23
3173,1539647,93d6bfd7-d647-41aa-a6f1-108ac386ffa0,US,204.134.159.42,59.08
3173,1506623,93fc9409-5db1-45b6-8e64-108a6e4463b3,US,75.149.182.241,32.84
3173,1544907,942d83af-df79-4509-8a5c-208a2816bd81,US,67.78.156.22,59.08
23924,1499915,95e5e3e1-f3eb-4b9c-9597-608aff6432f3,DE,31.16.249.0,60.88
23924,1499915,96178f33-193a-445f-89de-908a6045ec08,DE,46.59.195.0,59.08
3173,1539647,96ab2f2f-dfdc-4db0-b6d1-208ad22d4138,US,104.243.167.140,86.05
3173,1544293,96d9712f-1b59-4058-b697-c08a84da106d,US,209.152.125.105,32.23
121646,1499915,97596ea0-80f2-48ae-ae74-608a8dc0130b,DE,84.61.122.134,59.08
3173,1539647,97900f60-d031-49a6-bbd9-c08accae704a,US,162.255.120.115,20.86
124145,1499915,9917c44b-6598-4ac5-b47e-908ac1c66765,ES,46.131.34.193,32.84
3173,1541763,9a2a1108-9475-454c-b3b5-708a8be47861,US,107.145.111.58,59.08
3173,1499915,9b257d8b-3c1b-46db-96c5-208aedd12f8f,US,64.130.113.116,20.86
3173,1539647,9b3bea62-3292-4673-902e-108a535485fe,US,160.2.112.61,34.08
3173,1530067,9beda5d0-596c-43f7-98b1-708a2a874b27,US,64.68.231.233,59.08
3173,1541841,9c50db00-b767-4526-89dc-908a47302cce,US,159.242.40.113,59.08
3173,1541763,9cdbe465-7514-4d0a-b09a-908afc5fdc1a,US,206.130.95.245,59.08
3173,1544293,9cfa6abd-8641-4e16-be14-808a57930cd3,US,198.38.63.234,20.86
23924,1499915,9fb52ef8-f298-4ed6-a2c9-c08aed12fbed,ES,81.185.168.0,32.23
3173,1544301,a019e93a-4486-4b36-9046-708a1c4a6b93,US,45.74.94.172,59.08
3173,1499915,a0271be2-26f8-422a-b26b-908aa7f21061,US,144.121.178.30,54.8
3173,1546145,a2aa0e38-79aa-45e7-b55b-508a5469d8c7,US,66.109.35.156,20.99
3173,1530067,a2c54689-c76b-4bfe-9b16-208adabbe389,US,184.94.160.208,20.99
3173,1541763,a388589e-1d7c-4e85-95b6-908ad13d0690,US,47.232.61.146,59.08
3173,1506623,a610ab54-f98c-4e97-a4e0-b08aef451ead,US,70.169.87.196,59.08
3173,1546145,a70748f7-2858-4934-846a-b08af5a68930,US,70.169.87.196,69.88
23924,1499915,a76f8f32-2d49-419b-a780-b08a9190abb3,DE,84.173.5.0,54.8
3173,1539647,a83a1e67-86f4-43b4-a6a0-c08a95ca9346,US,96.41.17.170,59.08
123921,1499915,a9bda661-e063-45ad-a53a-908a1a0358e3,GR,201.131.168.163,54.8
3173,1530067,a9e62a81-db95-471e-9cf0-208a62cf35aa,US,162.255.120.91,59.08
3173,1544301,aa0cf7a9-c2df-4b81-9806-508a63e38951,US,199.230.126.183,59.08
3173,1539647,aa62cf7f-beab-47df-ada5-108a1dc4d7ea,US,50.27.168.181,69.88
3173,1546145,ab4de91c-3916-447d-b3a0-908ad5adf14f,US,206.130.95.245,20.86
38647,1499915,abd7e342-c593-4b4c-bc0a-d08abdc9256d,ES,91.171.110.76,60.88
23924,1499915,ad4ae169-6c06-4c0d-8f8e-b08aca40cb02,AT,93.37.179.0,20.86
3173,1506623,ae0e19fd-fe4d-40d1-bd1f-c08ad6c981c3,US,47.197.141.112,59.08
3173,1544907,ae12238d-1f44-425b-a796-808aabebcb53,US,47.12.51.154,59.08
123165,1499915,ae7629c0-161e-465c-a89a-508a6346fc1e,ES,176.161.225.228,59.08
3173,1544293,b00d7f9a-32aa-473c-95eb-b08a86f34bdc,US,71.45.23.28,54.8
3173,1544301,b2c4de00-473f-437e-b6eb-508ad3af88ea,US,172.222.221.20,32.84
3173,1499915,b4491458-9488-422c-ba4d-108a06f2321c,US,74.93.254.145,59.08
3173,1506623,b64f3888-9a62-41b8-888d-508aa54e5ae1,US,70.88.48.201,59.08
23924,1499915,b6f280ef-6d2c-43fc-8de3-308ab7c1cf5b,US,45.24.215.205,20.99
3173,1544293,b6f4a689-4cea-486f-98ea-c08a0a637623,US,74.142.198.130,54.8
3173,1506623,b76ad5f5-9d85-46be-b511-408a742f009b,US,192.208.31.203,59.08
3173,1539647,b868b1d0-055b-450d-abab-108a7986fb48,US,71.244.201.156,32.23
3173,1541763,b945b8d9-3c01-486b-af69-508ac923dd82,US,184.94.174.129,59.08
3173,1541763,b9607084-7a78-4ef7-baa0-d08a0f3a634c,US,73.242.42.221,32.23
3173,1506623,ba2ab6a0-59a5-4eb9-85b2-508a681965d8,US,72.2.91.149,54.8
3173,1544301,ba67b685-7060-4fe4-93b8-908a085da26e,US,47.13.132.169,59.08
3173,1544907,ba694bcc-e435-4d7b-9d46-508a95f8c51e,US,71.66.163.94,20.86
3173,1499915,bb1a67d2-9288-45c9-8ae8-208a04a62030,US,198.40.47.54,32.84
3173,1530067,bb3074dc-0f00-4eb0-810b-c08a25c28c7b,US,142.255.65.63,59.08
3173,1544907,bb7dee6a-3e57-446c-ba49-a08a6e887b39,US,172.87.3.226,20.86
3173,1546145,bc65bc2c-0d2a-4d4d-a89f-308a3d0ecff4,US,68.169.248.136,59.08
3173,1530067,bda244a1-5720-407b-bb57-b08a22d30a02,US,199.188.59.208,34.08
3173,1539647,beaf6b0f-0d2c-4f87-8c1b-608a4ffbe84f,US,71.244.201.156,59.08
3173,1539647,bf310279-4cb7-4b0e-a373-408ad2eea5c7,US,68.34.133.148,54.8
23924,1499915,c06d147b-b799-4e33-854f-308a7058954f,GR,94.71.169.0,69.88
3173,1499915,c1c2b031-eed6-4117-8cce-508a25828e15,ES,51.154.131.80,59.08
3173,1539647,c325876b-204c-4bea-87dd-808a7814b941,US,47.7.82.226,59.08
39217,1499915,c34dba92-0144-4da8-a29d-708a6091ed09,AT,148.69.2.255,34.08
3173,1544293,c42abdda-97b9-4973-9c2a-808a642d20b9,US,184.159.130.204,20.99
3173,1546145,c4e0c3ef-fc85-482b-bdb5-c08ae19c8529,US,97.83.62.237,32.84
122951,1499915,c52dacb1-ea94-40b4-a5bb-508ad5dcc5cd,AT,77.119.219.0,59.08
23924,1499915,c7210cde-d269-4506-b689-008a4e3e64d1,ES,92.137.121.0,86.05
3173,1499915,c7330a9a-2da3-4318-a51c-308aa89c49e3,US,139.180.35.162,69.88
3173,1546145,c7abe5e0-77fd-49a1-b707-208a9615e9bc,US,162.255.120.54,20.86
3173,1544907,c7d13c8f-db06-4469-8164-108a61ec32f4,US,75.76.131.194,54.8
121768,1539647,c8b3bff0-3327-4414-bed1-a08a070dc224,US,76.138.140.170,34.08
3173,1499915,c9cb8c36-94a1-4882-b2b3-208a3ca401ae,US,162.255.120.54,59.08
3173,1530067,ca00853b-8e8c-4433-a310-208a58370964,US,96.40.160.94,60.88
3173,1544301,ca86b95b-59cf-4eb7-82f9-508ab96c310c,US,69.75.152.178,20.86
3173,1546145,cabc5bd7-9cfb-4e48-90bd-908ab6330d63,US,72.216.34.53,59.08
3173,1539647,cb0d4dd7-995d-4957-b366-108a3309f125,US,96.78.243.77,32.23
3173,1544293,cb11033b-c3bd-4251-8acd-d08af64e2c91,US,65.74.6.101,20.86
123548,1499915,cbeb1125-fb90-44bf-a3ba-608a3ff62c20,ES,5.173.232.0,59.08
23924,1499915,cca5b20f-a3c4-459b-a836-d08a9ff21c2a,AT,178.74.4.67,59.08
3173,1539647,ccebcb6f-2b62-4186-93c4-308af39f1e82,US,8.30.189.30,59.08
3173,1546145,cdac18ab-cbab-432b-b469-808aedfa9f23,US,208.126.94.66,32.23
3173,1541763,cdf21f7d-19a3-40c9-88b8-e08a130fe62a,US,170.250.53.44,32.84
23924,1499915,ce16d141-723c-4073-9a79-508a7d31ad38,AT,178.112.142.0,59.08
3173,1544293,cef6e979-a2d1-43df-a2cd-008a80810848,US,74.141.115.248,59.08
3173,1530067,cef75934-d457-4b74-b588-108a2304f967,US,68.70.213.143,20.99
3173,1546145,cf4e3f6b-9695-4b2f-b919-d08a56d26279,US,72.196.93.194,59.08
3173,1530067,cf537f25-4c5d-4243-b99a-108a61b03afe,US,199.167.209.5,59.08
3173,1539647,cfd70238-4902-48f7-aea7-408a6784c651,US,75.143.12.229,69.88
3173,1530067,cff50b04-24bf-4d63-a063-e08a6ca32fa3,US,50.196.207.49,59.08
123921,1499915,cfff67fc-28c5-467e-8b8d-808a17cfb18f,AT,213.233.88.0,59.08
3173,1541841,d015a961-0361-4c15-8a57-508a4d59d7a5,US,162.255.120.84,32.23
3173,1544293,d191c4d6-a3e6-4d4d-875d-c08aef8b5ba6,US,75.127.54.14,59.08
3173,1499915,d1f1026b-fa68-4323-8493-108a8778f788,ES,5.14.159.0,86.05
3173,1544907,d1fe1b31-e852-435a-bd3e-508ac95dca4d,US,66.109.35.156,20.99
3173,1506623,d279d600-a5ef-4af2-9f49-208a07a71b51,US,162.255.120.91,59.08
3173,1544293,d34683d0-cae6-4f32-b9ff-e08ac16651fe,US,69.178.4.78,34.08
3173,1541841,d442e0fc-2260-4788-bac6-c08aa4705e04,US,137.25.131.125,59.08
23924,1499915,d44379ea-a5d5-4582-ac58-708a26a0c632,US,206.130.95.245,69.88
3173,1544301,d458a722-c30e-4a65-9abb-b08af8fd87a0,US,66.231.106.16,59.08
3173,1546145,d45bb1b1-1a16-4119-aac6-708a35bdca6f,US,64.233.138.27,60.88
3173,1541841,d4c9a97c-19bf-4786-9bad-808a49ca083f,US,184.159.130.204,59.08
3173,1541763,d63843c9-0eff-4953-bd4a-108a7563ba53,US,75.76.131.194,59.08
3173,1499915,d67db3a9-4c23-4ba4-b9b4-208ad2726269,US,162.255.120.125,54.8
3173,1544293,d72d6895-12b0-4f5f-bb52-a08a50b108be,US,206.174.34.61,59.08
3173,1541763,d9b3169e-869d-493e-9366-808a11a12f86,US,47.12.51.154,20.86
117877,1499915,d9b618e8-bb87-4c80-82ec-508a9c173eb3,ES,92.184.102.116,20.99
3173,1546145,da15089f-bc6d-49f9-82a7-b08a8eeb11d7,US,96.3.21.62,20.86
121768,1499915,da58266b-dc41-436b-83b3-808ab33a34d3,DE,80.187.103.0,20.86
39217,1499915,da88eb1c-4cad-4d99-83e8-a08ae58d47f3,ES,62.141.232.166,69.88
3173,1499915,da9ee5b8-4b44-42a3-8b0a-408a3396e065,US,64.58.197.92,59.08
3173,1541841,daad98c7-8446-46cf-8555-d08a611a7163,US,65.126.160.226,59.08
45203,1499915,dcc56a92-b97f-475f-a661-508a1b07a139,AT,176.243.28.174,59.08
3173,1506623,de5c72f1-c809-4457-b672-908a727946b7,US,206.130.95.245,59.08
3173,1541841,de9800b2-bbaa-45fb-90c6-508a3272bd52,US,172.222.221.20,20.86
3173,1544907,dffe0680-3619-464f-b2a4-b08adbcadb2d,US,184.94.166.29,59.08
3173,1541841,e0dcb649-4bcb-42c0-a18a-208a92d34705,US,198.40.47.54,86.05
3173,1544293,e24bd0b6-e7cd-4fbf-9c94-208a403f07c4,US,198.40.47.54,69.88
23924,1499915,e279f412-c54e-47c3-b4f7-308ab10bfb37,AT,88.91.169.111,20.86
3173,1541763,e28551bd-599a-4c15-bbb5-908a53cf4dec,US,96.68.0.57,60.88
124009,1499915,e2e99d12-bfa9-4303-abf4-108a70ef02ca,ES,79.116.130.0,69.88
3173,1541763,e3344799-3f87-423e-bd55-208a8011df91,US,208.126.94.73,59.08
3173,1541841,e44cdae3-d9a5-4339-bfe3-c08ae935ded9,US,100.42.149.125,20.86
3173,1544293,e45b19f8-a699-469c-855c-b08aeca253ec,US,68.14.181.222,32.84
23924,1499915,e4d25381-8ff4-40f5-b194-408a14564315,RO,185.53.197.0,54.8
3173,1544301,e4e6e37e-d45f-4e68-a2c2-c08a383daaf8,US,100.42.149.125,20.99
3173,1499915,e52d5177-a78b-4383-a07c-508acc593296,US,71.66.163.94,32.84
3173,1544301,e55198f9-d034-45f0-ab1a-108a6c416158,US,144.62.141.201,59.08
3173,1541763,e586ce7a-e171-44a5-a5b9-d08a1e8edc31,US,45.74.88.105,59.08
3173,1539647,e685e39f-90cf-4d49-98e2-108a9702257c,US,207.98.148.39,20.86
3173,1544293,e6aa1acd-5cf6-4e89-be68-b08acf240b5b,US,139.180.35.162,60.88
3173,1499915,e7025fd7-d334-40f7-816a-808aedd7de25,US,96.94.66.186,86.05
3173,1506623,e70601f2-7909-4a92-ab38-d08ab2502347,US,72.207.223.144,20.86
3173,1544301,e73bad7e-1dfc-41af-9897-808a3192b357,US,184.159.130.204,59.08
3173,1544293,e74bfc97-548a-461f-9669-108a538a833c,US,104.222.110.2,86.05
3173,1539647,e8d91846-f1e0-4e48-9dc3-708a4257e8a6,US,47.6.42.56,59.08
3173,1541841,e9c1ac0d-ed64-4378-9550-b08a841c11e7,US,97.93.14.12,59.08
3173,1539647,ea57895c-3a0e-4c37-afeb-308a180a7862,US,184.83.4.183,34.08
3173,1541841,eb0d7eab-98ff-4f7a-b0ff-a08aff0d0228,US,206.174.34.61,20.99
3173,1544907,ebb3b364-766d-4145-848a-208a4c659630,US,162.255.120.91,54.8
3173,1539647,ebc3a7f0-fbe7-4277-a398-108acc4a452a,US,170.249.26.176,69.88
23924,1499915,ec8e98aa-9fc0-46c6-83e1-108a467148b3,DE,88.153.64.0,69.88
3173,1544293,ed10b28e-fc41-4fda-b99d-908a3c9acd54,US,170.249.26.176,59.08
3173,1541841,ed87be5b-7731-4d01-bda6-108aa919e24d,US,98.148.215.224,59.08
3173,1544907,ee1b2f9b-286d-47b2-8b21-508a94b4efea,US,70.88.48.201,20.86
123921,1499915,eeaa2034-3c90-457c-9635-c08ac14c8d79,PT,109.50.198.0,60.88
3173,1499915,ef32e0c1-4aaa-46f5-b1e2-908a32364264,US,206.130.95.245,20.99
23924,1499915,f0246c91-8346-4906-9d34-e08a0af0f983,ES,185.156.38.0,20.86
3173,1541841,f076e57f-75be-496e-8b48-b08afe1de375,US,174.64.2.131,20.86
3173,1499915,f09c071a-eb56-4264-8379-e08abb1132e8,ES,84.9.41.0,59.08
3173,1546145,f0a671d0-4cae-48de-8ca6-908aee098da5,US,170.249.140.70,20.86
3173,1539647,f0c0296b-8af0-4faa-ab68-908a4c9478f2,US,47.211.87.90,54.8
3173,1530067,f0f9bb42-7634-4664-9c38-208a2a37523c,US,67.78.231.106,32.84
3173,1541841,f4e18961-4905-4a9d-862c-908a7dfd52f4,US,157.131.205.118,32.84
3173,1539647,f7830eff-7fa8-4322-a6eb-908a03247010,US,72.215.243.123,60.88
3173,1541841,f7853195-fa71-403b-a619-308ad6d73240,US,184.94.160.208,59.08
3173,1530067,f7944d3f-be85-4371-b5ba-c08a4a1b0b70,US,100.42.149.125,86.05
3173,1539647,f7d4afbc-15d6-45c4-adc2-e08a48fede8b,US,24.229.11.136,20.86
3173,1539647,f7fadb13-3efc-46c4-a562-508a406d115d,US,208.80.151.212,54.8
3173,1544293,f86e810b-c068-4f04-a9f2-508a550a695c,US,35.133.150.224,20.86
3173,1541763,f8ec98f2-1e21-4d39-90ef-b08ad73551f3,US,104.128.12.222,59.08
3173,1506623,f9b5cb61-bd0d-4790-9b83-c08a0288a328,US,24.154.62.73,60.88
3173,1544301,f9d20e66-88ad-4c83-8145-608a00f931a1,US,208.126.93.70,60.88
23924,1499915,faf745fa-b9b1-4247-b05b-a08acea7e1f8,AT,79.53.146.0,34.08
3173,1539647,fdc0136d-e2ec-424d-9858-808a8fd07171,US,204.10.239.206,20.99
123684,1499915,fde8b061-99af-4618-abdf-908a4cdb603a,AT,92.184.117.0,86.05
23924,1499915,fea0b80f-f781-41be-bf96-a08ad9b23528,DE,109.42.177.0,54.8
3173,1544293,ff83dd52-0174-4a86-bcdc-208ae3acd8ef,US,162.255.120.91,59.08
124089,1499915,ff86df40-77ea-4b45-ae70-008a8697a220,DE,46.5.229.144,59.08
